[
  {
    "name": {
      "first": "Marci",
      "last": "Lara"
    },
    "phone": "+45 81044035",
    "email": "marci.lara@stud.kea.dk",
    "username": "alara}"
  },
  {
    "name": {
      "first": "Anastasia",
      "last": "Chambers"
    },
    "phone": "+45 82548637",
    "email": "anastasia.chambers@stud.kea.dk",
    "username": "nchambers}"
  },
  {
    "name": {
      "first": "Dollie",
      "last": "Harris"
    },
    "phone": "+45 80658637",
    "email": "dollie.harris@stud.kea.dk",
    "username": "oharris}"
  },
  {
    "name": {
      "first": "Beverly",
      "last": "Estrada"
    },
    "phone": "+45 84851520",
    "email": "beverly.estrada@stud.kea.dk",
    "username": "eestrada}"
  },
  {
    "name": {
      "first": "Kristy",
      "last": "Burris"
    },
    "phone": "+45 98047926",
    "email": "kristy.burris@stud.kea.dk",
    "username": "rburris}"
  },
  {
    "name": {
      "first": "Kelly",
      "last": "Lyons"
    },
    "phone": "+45 99247125",
    "email": "kelly.lyons@stud.kea.dk",
    "username": "elyons}"
  },
  {
    "name": {
      "first": "Summers",
      "last": "Reynolds"
    },
    "phone": "+45 91352426",
    "email": "summers.reynolds@stud.kea.dk",
    "username": "ureynolds}"
  },
  {
    "name": {
      "first": "Manuela",
      "last": "Moon"
    },
    "phone": "+45 98343239",
    "email": "manuela.moon@stud.kea.dk",
    "username": "amoon}"
  },
  {
    "name": {
      "first": "Miller",
      "last": "Cochran"
    },
    "phone": "+45 95640629",
    "email": "miller.cochran@stud.kea.dk",
    "username": "icochran}"
  },
  {
    "name": {
      "first": "Yates",
      "last": "Briggs"
    },
    "phone": "+45 82753737",
    "email": "yates.briggs@stud.kea.dk",
    "username": "abriggs}"
  },
  {
    "name": {
      "first": "Ortiz",
      "last": "Vasquez"
    },
    "phone": "+45 98558835",
    "email": "ortiz.vasquez@stud.kea.dk",
    "username": "rvasquez}"
  },
  {
    "name": {
      "first": "Erin",
      "last": "Kelley"
    },
    "phone": "+45 90647922",
    "email": "erin.kelley@stud.kea.dk",
    "username": "rkelley}"
  },
  {
    "name": {
      "first": "Jordan",
      "last": "Rodriguez"
    },
    "phone": "+45 96640738",
    "email": "jordan.rodriguez@stud.kea.dk",
    "username": "orodriguez}"
  },
  {
    "name": {
      "first": "Marlene",
      "last": "Steele"
    },
    "phone": "+45 84558036",
    "email": "marlene.steele@stud.kea.dk",
    "username": "asteele}"
  },
  {
    "name": {
      "first": "Atkinson",
      "last": "Raymond"
    },
    "phone": "+45 98948736",
    "email": "atkinson.raymond@stud.kea.dk",
    "username": "traymond}"
  },
  {
    "name": {
      "first": "Mckee",
      "last": "Bates"
    },
    "phone": "+45 84359237",
    "email": "mckee.bates@stud.kea.dk",
    "username": "cbates}"
  },
  {
    "name": {
      "first": "Baxter",
      "last": "Duncan"
    },
    "phone": "+45 82841629",
    "email": "baxter.duncan@stud.kea.dk",
    "username": "aduncan}"
  },
  {
    "name": {
      "first": "Vargas",
      "last": "Clay"
    },
    "phone": "+45 98453624",
    "email": "vargas.clay@stud.kea.dk",
    "username": "aclay}"
  },
  {
    "name": {
      "first": "Christina",
      "last": "Curry"
    },
    "phone": "+45 86642322",
    "email": "christina.curry@stud.kea.dk",
    "username": "hcurry}"
  },
  {
    "name": {
      "first": "Betty",
      "last": "Bernard"
    },
    "phone": "+45 89543627",
    "email": "betty.bernard@stud.kea.dk",
    "username": "ebernard}"
  },
  {
    "name": {
      "first": "Dickerson",
      "last": "Bender"
    },
    "phone": "+45 87743924",
    "email": "dickerson.bender@stud.kea.dk",
    "username": "ibender}"
  },
  {
    "name": {
      "first": "Bowers",
      "last": "Mcknight"
    },
    "phone": "+45 81442134",
    "email": "bowers.mcknight@stud.kea.dk",
    "username": "omcknight}"
  },
  {
    "name": {
      "first": "Opal",
      "last": "Wynn"
    },
    "phone": "+45 84457039",
    "email": "opal.wynn@stud.kea.dk",
    "username": "pwynn}"
  },
  {
    "name": {
      "first": "Lesley",
      "last": "Bolton"
    },
    "phone": "+45 89241924",
    "email": "lesley.bolton@stud.kea.dk",
    "username": "ebolton}"
  },
  {
    "name": {
      "first": "Blanca",
      "last": "Barry"
    },
    "phone": "+45 85751932",
    "email": "blanca.barry@stud.kea.dk",
    "username": "lbarry}"
  },
  {
    "name": {
      "first": "Blair",
      "last": "Barnes"
    },
    "phone": "+45 96846522",
    "email": "blair.barnes@stud.kea.dk",
    "username": "lbarnes}"
  },
  {
    "name": {
      "first": "Sondra",
      "last": "Ingram"
    },
    "phone": "+45 87647128",
    "email": "sondra.ingram@stud.kea.dk",
    "username": "oingram}"
  },
  {
    "name": {
      "first": "Berta",
      "last": "Odom"
    },
    "phone": "+45 80559628",
    "email": "berta.odom@stud.kea.dk",
    "username": "eodom}"
  },
  {
    "name": {
      "first": "Rhoda",
      "last": "Cross"
    },
    "phone": "+45 81749823",
    "email": "rhoda.cross@stud.kea.dk",
    "username": "hcross}"
  },
  {
    "name": {
      "first": "Hill",
      "last": "Holder"
    },
    "phone": "+45 92941227",
    "email": "hill.holder@stud.kea.dk",
    "username": "iholder}"
  },
  {
    "name": {
      "first": "Tania",
      "last": "Baker"
    },
    "phone": "+45 95355037",
    "email": "tania.baker@stud.kea.dk",
    "username": "abaker}"
  },
  {
    "name": {
      "first": "Cecelia",
      "last": "Herman"
    },
    "phone": "+45 82656835",
    "email": "cecelia.herman@stud.kea.dk",
    "username": "eherman}"
  },
  {
    "name": {
      "first": "Candy",
      "last": "Stewart"
    },
    "phone": "+45 93656531",
    "email": "candy.stewart@stud.kea.dk",
    "username": "astewart}"
  },
  {
    "name": {
      "first": "Mandy",
      "last": "Hensley"
    },
    "phone": "+45 81558028",
    "email": "mandy.hensley@stud.kea.dk",
    "username": "ahensley}"
  },
  {
    "name": {
      "first": "Nellie",
      "last": "Blanchard"
    },
    "phone": "+45 92559933",
    "email": "nellie.blanchard@stud.kea.dk",
    "username": "eblanchard}"
  },
  {
    "name": {
      "first": "Sallie",
      "last": "Holman"
    },
    "phone": "+45 99848226",
    "email": "sallie.holman@stud.kea.dk",
    "username": "aholman}"
  },
  {
    "name": {
      "first": "Nichole",
      "last": "Colon"
    },
    "phone": "+45 83845227",
    "email": "nichole.colon@stud.kea.dk",
    "username": "icolon}"
  },
  {
    "name": {
      "first": "Cabrera",
      "last": "Morris"
    },
    "phone": "+45 83147932",
    "email": "cabrera.morris@stud.kea.dk",
    "username": "amorris}"
  },
  {
    "name": {
      "first": "Yolanda",
      "last": "Wiley"
    },
    "phone": "+45 86043520",
    "email": "yolanda.wiley@stud.kea.dk",
    "username": "owiley}"
  },
  {
    "name": {
      "first": "Russo",
      "last": "Burks"
    },
    "phone": "+45 85353924",
    "email": "russo.burks@stud.kea.dk",
    "username": "uburks}"
  },
  {
    "name": {
      "first": "Jan",
      "last": "Rosario"
    },
    "phone": "+45 81840436",
    "email": "jan.rosario@stud.kea.dk",
    "username": "arosario}"
  },
  {
    "name": {
      "first": "Harmon",
      "last": "Dotson"
    },
    "phone": "+45 88456827",
    "email": "harmon.dotson@stud.kea.dk",
    "username": "adotson}"
  },
  {
    "name": {
      "first": "Workman",
      "last": "Mendez"
    },
    "phone": "+45 99559335",
    "email": "workman.mendez@stud.kea.dk",
    "username": "omendez}"
  },
  {
    "name": {
      "first": "Maria",
      "last": "Oconnor"
    },
    "phone": "+45 92954935",
    "email": "maria.oconnor@stud.kea.dk",
    "username": "aoconnor}"
  },
  {
    "name": {
      "first": "Aguirre",
      "last": "Richards"
    },
    "phone": "+45 98553828",
    "email": "aguirre.richards@stud.kea.dk",
    "username": "grichards}"
  },
  {
    "name": {
      "first": "June",
      "last": "Mayo"
    },
    "phone": "+45 81459121",
    "email": "june.mayo@stud.kea.dk",
    "username": "umayo}"
  },
  {
    "name": {
      "first": "Dickson",
      "last": "Mills"
    },
    "phone": "+45 86159335",
    "email": "dickson.mills@stud.kea.dk",
    "username": "imills}"
  },
  {
    "name": {
      "first": "Walsh",
      "last": "Craft"
    },
    "phone": "+45 86352126",
    "email": "walsh.craft@stud.kea.dk",
    "username": "acraft}"
  },
  {
    "name": {
      "first": "Tameka",
      "last": "Alford"
    },
    "phone": "+45 96040220",
    "email": "tameka.alford@stud.kea.dk",
    "username": "aalford}"
  },
  {
    "name": {
      "first": "Carolina",
      "last": "Abbott"
    },
    "phone": "+45 99041828",
    "email": "carolina.abbott@stud.kea.dk",
    "username": "aabbott}"
  },
  {
    "name": {
      "first": "Bridges",
      "last": "Humphrey"
    },
    "phone": "+45 93656839",
    "email": "bridges.humphrey@stud.kea.dk",
    "username": "rhumphrey}"
  },
  {
    "name": {
      "first": "Hoover",
      "last": "Mcdonald"
    },
    "phone": "+45 81047026",
    "email": "hoover.mcdonald@stud.kea.dk",
    "username": "omcdonald}"
  },
  {
    "name": {
      "first": "Belinda",
      "last": "Gray"
    },
    "phone": "+45 91057026",
    "email": "belinda.gray@stud.kea.dk",
    "username": "egray}"
  },
  {
    "name": {
      "first": "Ray",
      "last": "Cantrell"
    },
    "phone": "+45 98250522",
    "email": "ray.cantrell@stud.kea.dk",
    "username": "acantrell}"
  },
  {
    "name": {
      "first": "Ilene",
      "last": "Langley"
    },
    "phone": "+45 95549327",
    "email": "ilene.langley@stud.kea.dk",
    "username": "llangley}"
  },
  {
    "name": {
      "first": "Delgado",
      "last": "Aguilar"
    },
    "phone": "+45 92657139",
    "email": "delgado.aguilar@stud.kea.dk",
    "username": "eaguilar}"
  },
  {
    "name": {
      "first": "Bowman",
      "last": "Larsen"
    },
    "phone": "+45 80545339",
    "email": "bowman.larsen@stud.kea.dk",
    "username": "olarsen}"
  },
  {
    "name": {
      "first": "Mercer",
      "last": "Richard"
    },
    "phone": "+45 97342829",
    "email": "mercer.richard@stud.kea.dk",
    "username": "erichard}"
  },
  {
    "name": {
      "first": "Poole",
      "last": "Watts"
    },
    "phone": "+45 80559127",
    "email": "poole.watts@stud.kea.dk",
    "username": "owatts}"
  },
  {
    "name": {
      "first": "Rosales",
      "last": "Chavez"
    },
    "phone": "+45 88648522",
    "email": "rosales.chavez@stud.kea.dk",
    "username": "ochavez}"
  },
  {
    "name": {
      "first": "Antonia",
      "last": "Landry"
    },
    "phone": "+45 88945631",
    "email": "antonia.landry@stud.kea.dk",
    "username": "nlandry}"
  },
  {
    "name": {
      "first": "Ella",
      "last": "Donaldson"
    },
    "phone": "+45 95344531",
    "email": "ella.donaldson@stud.kea.dk",
    "username": "ldonaldson}"
  },
  {
    "name": {
      "first": "Joanna",
      "last": "Bradford"
    },
    "phone": "+45 98158428",
    "email": "joanna.bradford@stud.kea.dk",
    "username": "obradford}"
  },
  {
    "name": {
      "first": "Lorene",
      "last": "Payne"
    },
    "phone": "+45 93659425",
    "email": "lorene.payne@stud.kea.dk",
    "username": "opayne}"
  },
  {
    "name": {
      "first": "Elma",
      "last": "Floyd"
    },
    "phone": "+45 94544735",
    "email": "elma.floyd@stud.kea.dk",
    "username": "lfloyd}"
  },
  {
    "name": {
      "first": "Whitney",
      "last": "Medina"
    },
    "phone": "+45 85158037",
    "email": "whitney.medina@stud.kea.dk",
    "username": "hmedina}"
  },
  {
    "name": {
      "first": "Gail",
      "last": "Ortiz"
    },
    "phone": "+45 94652223",
    "email": "gail.ortiz@stud.kea.dk",
    "username": "aortiz}"
  },
  {
    "name": {
      "first": "Stafford",
      "last": "Finch"
    },
    "phone": "+45 94849434",
    "email": "stafford.finch@stud.kea.dk",
    "username": "tfinch}"
  },
  {
    "name": {
      "first": "Aurora",
      "last": "Alexander"
    },
    "phone": "+45 90348729",
    "email": "aurora.alexander@stud.kea.dk",
    "username": "ualexander}"
  },
  {
    "name": {
      "first": "Mclaughlin",
      "last": "Fry"
    },
    "phone": "+45 84044225",
    "email": "mclaughlin.fry@stud.kea.dk",
    "username": "cfry}"
  },
  {
    "name": {
      "first": "Debbie",
      "last": "Hoover"
    },
    "phone": "+45 88458527",
    "email": "debbie.hoover@stud.kea.dk",
    "username": "ehoover}"
  },
  {
    "name": {
      "first": "Sweeney",
      "last": "Velasquez"
    },
    "phone": "+45 98359433",
    "email": "sweeney.velasquez@stud.kea.dk",
    "username": "wvelasquez}"
  },
  {
    "name": {
      "first": "Meagan",
      "last": "Brennan"
    },
    "phone": "+45 97955525",
    "email": "meagan.brennan@stud.kea.dk",
    "username": "ebrennan}"
  },
  {
    "name": {
      "first": "Audrey",
      "last": "Beach"
    },
    "phone": "+45 89641535",
    "email": "audrey.beach@stud.kea.dk",
    "username": "ubeach}"
  },
  {
    "name": {
      "first": "Peck",
      "last": "Gould"
    },
    "phone": "+45 82759535",
    "email": "peck.gould@stud.kea.dk",
    "username": "egould}"
  },
  {
    "name": {
      "first": "Marva",
      "last": "Lucas"
    },
    "phone": "+45 83842421",
    "email": "marva.lucas@stud.kea.dk",
    "username": "alucas}"
  },
  {
    "name": {
      "first": "Ana",
      "last": "Mcguire"
    },
    "phone": "+45 97741339",
    "email": "ana.mcguire@stud.kea.dk",
    "username": "nmcguire}"
  },
  {
    "name": {
      "first": "Owens",
      "last": "Vance"
    },
    "phone": "+45 84848127",
    "email": "owens.vance@stud.kea.dk",
    "username": "wvance}"
  },
  {
    "name": {
      "first": "Rosella",
      "last": "Oneill"
    },
    "phone": "+45 92855426",
    "email": "rosella.oneill@stud.kea.dk",
    "username": "ooneill}"
  },
  {
    "name": {
      "first": "Cash",
      "last": "Norman"
    },
    "phone": "+45 92940639",
    "email": "cash.norman@stud.kea.dk",
    "username": "anorman}"
  },
  {
    "name": {
      "first": "Eleanor",
      "last": "Swanson"
    },
    "phone": "+45 93956525",
    "email": "eleanor.swanson@stud.kea.dk",
    "username": "lswanson}"
  },
  {
    "name": {
      "first": "Church",
      "last": "Brown"
    },
    "phone": "+45 94454925",
    "email": "church.brown@stud.kea.dk",
    "username": "hbrown}"
  },
  {
    "name": {
      "first": "Williams",
      "last": "Hurley"
    },
    "phone": "+45 97448126",
    "email": "williams.hurley@stud.kea.dk",
    "username": "ihurley}"
  },
  {
    "name": {
      "first": "Bradford",
      "last": "Kinney"
    },
    "phone": "+45 96557621",
    "email": "bradford.kinney@stud.kea.dk",
    "username": "rkinney}"
  },
  {
    "name": {
      "first": "Juana",
      "last": "Britt"
    },
    "phone": "+45 94749420",
    "email": "juana.britt@stud.kea.dk",
    "username": "ubritt}"
  },
  {
    "name": {
      "first": "Rice",
      "last": "Hardin"
    },
    "phone": "+45 90446029",
    "email": "rice.hardin@stud.kea.dk",
    "username": "ihardin}"
  },
  {
    "name": {
      "first": "Fuller",
      "last": "Whitley"
    },
    "phone": "+45 98848826",
    "email": "fuller.whitley@stud.kea.dk",
    "username": "uwhitley}"
  }
]